Box,File
BOX350379,G167640
BOX350379,G535924
BOX350379,G393067
BOX425416,G791218
BOX421266,G350781
BOX421266,G320393
BOX421266,G736813
BOX421266,G487819
BOX151349,G626941
BOX899477,G923499
BOX899477,G19711
BOX899477,G354446
BOX674014,G317699
BOX674014,G248854
BOX674014,G619831
BOX674014,G619256
BOX674014,G985335
BOX387456,G380483
BOX387456,G618668
BOX387456,G982830
BOX448352,G980145
BOX448352,G696711
BOX51614,G108699
BOX51614,G944953
BOX51614,G272553
BOX51614,G234693
BOX51614,G551968
BOX5928,G256965
BOX5928,G553617
BOX5928,G42390
BOX5928,G137684
BOX5928,G629522
BOX34415,G222089
BOX844292,G509958
BOX844292,G114820
BOX844292,G41188
BOX765211,G431519
BOX765211,G345516
BOX765211,G517955
BOX401668,G780193
BOX401668,G729750
BOX162354,G218545
BOX162354,G303000
BOX927501,G342369
BOX927501,G234093
BOX632284,G861923
BOX632284,G400014
BOX345008,G386644
BOX915018,G970088
BOX915018,G302547
BOX915018,G426715
BOX274118,G138136
BOX274118,G974838
BOX274118,G681541
BOX274118,G98761
BOX1263,G280918
BOX1263,G573421
BOX1263,G559033
BOX905754,G364509
BOX905754,G108319
BOX144895,G640258
BOX144895,G770654
BOX144895,G48444
BOX144895,G96755
BOX144895,G432425
BOX144895,G5092
BOX144895,G928034
BOX752983,G398054
BOX752983,G220517
BOX752983,G169900
BOX752983,G29741
BOX996116,G597149
BOX996116,G385537
BOX172749,G885146
BOX172749,G168922
BOX914673,G658623
BOX914673,G966050
BOX914673,G85258
BOX901825,G507578
BOX54529,G375457
BOX571226,G286413
BOX571226,G914323
BOX274120,G401216
BOX274120,G375524
BOX274120,G487348
BOX274120,G578162
BOX752687,G61683
BOX752687,G35389
BOX752687,G256123
BOX752687,G330088
BOX51519,G846888
BOX51519,G353049
BOX348998,G415250
BOX348998,G685239
BOX417701,G274533
BOX417701,G852867
BOX417701,G137540
BOX356713,G654789
BOX356713,G463822
BOX356713,G187922
BOX284865,G981180
BOX284865,G400080
BOX284865,G871108
BOX292469,G349641
BOX292469,G984283
BOX702420,G509410
BOX702420,G496244
BOX645863,G386440
BOX647136,G994208
BOX123464,G1741
BOX722757,G915122
BOX722757,G810554
BOX985584,G854073
BOX985584,G896724
BOX20787,G978169
BOX233256,G247405
BOX58275,G0192746